Outreach ID,Company ID,Company,Visit Date,Notes,Outcome,Stage,Status,Next Visit Date,Days Since Last Visit,Next Visit Countdown,Outcome Category,Follow Up Action,Owner,Prospects Match,Contact Type,Email Sent,Email Opened
LID-00002,CID-3CF5B20B,Casting Repair Service,2025-11-07,Said he would definitely give me a call if he thought he had enough scrap,Interested,Nurture,Hot,11/21/2025,38,-24,Interested,Send pricing info,Kyle,Yes,In Person,FALSE,
LID-00003,CID-6087B7F7,D&S Electric Company,2025-11-07,"Semi-interested, but said he would reach out if he changed his mind",No Scrap,Lost,Cold,5/6/2026,38,142,Other,Follow up in 180 days,Kyle,Yes,In Person,FALSE,
LID-00004,CID-1E972E42,Eagle Electric,2025-11-07,Does not deal with much scrap,No Scrap,Lost,Cold,5/6/2026,38,142,Other,Follow up in 180 days,Kyle,Yes,In Person,FALSE,
LID-00005,CID-DE67C482,Habitat for Humanity,2025-11-07,Discussed donation/recycling opportunities,Has Vendor,Nurture,Warm,2/5/2026,38,52,Has Vendor,Follow up in 90 days,Kyle,Yes,In Person,FALSE,
LID-00006,CID-5C8CB9C4,Hamilton Supply Company,2025-11-07,Does not really have much scrap,No Scrap,Lost,Cold,5/6/2026,38,142,Other,Follow up in 180 days,Kyle,Yes,In Person,FALSE,
LID-00007,CID-AE53FB01,Heavy Metal and Welding,2025-11-07,Said they already had a guy.,Has Vendor,Nurture,Warm,2/5/2026,38,52,Has Vendor,Follow up in 90 days,Kyle,Yes,In Person,FALSE,
LID-00008,CID-FEFFC5CA,Maddox,2025-11-07,Said that they already have a close friend doing their roll-off,Has Vendor,Nurture,Warm,2/5/2026,38,52,Has Vendor,Follow up in 90 days,Kyle,Yes,In Person,FALSE,
LID-00009,CID-63928F4B,Matheson,2025-11-07,Receptionist said she would give my card to the manager and them look it over,Corporate/Manager Approval,Nurture,Warm,12/7/2025,38,-8,Other,General Follow up,Kyle,Yes,In Person,FALSE,
LID-00010,CID-73F3749F,Napa Auto Parts,2025-11-07,Would talk to corporate for me,Corporate/Manager Approval,Nurture,Warm,12/7/2025,38,-8,Other,General Follow up,Kyle,Yes,In Person,FALSE,
LID-00011,CID-B53302D0,Nikobi Auto Sales,2025-11-07,Not very interested. Small body shop and they reuse parts,Corporate/Manager Approval,Nurture,Warm,12/7/2025,38,-8,Other,General Follow up,Kyle,Yes,In Person,FALSE,
LID-00012,CID-157C38BD,Pro-Tech Services,2025-11-07,"interested, but lets their employees take the scrap metal",Interested,Nurture,Hot,11/21/2025,38,-24,Interested,Send pricing info,Kyle,Yes,In Person,FALSE,
LID-00013,CID-4F674552,Ray Engine,2025-11-07,Won,Won,Won,Active,11/12/2025,38,-33,Interested,Deploy container,Kyle,Yes,In Person,FALSE,
LID-00014,CID-9C4708EE,Trac Ornamental Iron,2025-11-07,Already has someone but said he would keep us in mind,Has Vendor,Nurture,Warm,2/5/2026,38,52,Has Vendor,Follow up in 90 days,Kyle,Yes,In Person,FALSE,
LID-00015,CID-BC2F945E,All-Star Fabrication,2025-11-10,Interested but limited space; discussed tailoring container to fit facility needs. Asked for info via email (allstarfabtyler@gmail.com).,Interested,Nurture,Hot,11/24/2025,35,-21,Interested,Send pricing info,Kyle,Yes,In Person,FALSE,
LID-00016,CID-7305AF6F,Banggood Auto Parts,2025-11-10,would have to get it approved by corporate which is based out of Australia,Interested,Nurture,Hot,11/24/2025,35,-21,Interested,Send pricing info,Kyle,Yes,In Person,FALSE,
LID-00017,CID-EE56A62D,BBM Industries,2025-11-10,"Because they are a supplier, they dont get a lot of scrap metal. gave them some cards to hand out to roofing companies getting materials",No Scrap,Lost,Cold,5/9/2026,35,145,Other,Follow up in 180 days,Kyle,Yes,In Person,FALSE,
LID-00018,CID-6A7FB5C6,Cavendars,2025-11-10,Would have to get it approved through corporate,No Scrap,Lost,Cold,5/9/2026,35,145,Other,Follow up in 180 days,Kyle,Yes,In Person,FALSE,
LID-00019,CID-FBE2FA1A,East Texas Door Company,2025-11-10,Only deal wih wood,No Scrap,Lost,Cold,5/9/2026,35,145,Other,Follow up in 180 days,Kyle,Yes,In Person,FALSE,
LID-00020,CID-C5F3E536,Firehouse Roofing,2025-11-10,"Very interested, will give me a text or email",Interested,Nurture,Hot,11/24/2025,35,-21,Interested,Send pricing info,Kyle,Yes,In Person,FALSE,
LID-00021,CID-831E2E24,Green Life Technologies,2025-11-10,Were not interested,Not Interested,Lost,Cold,5/9/2026,35,145,Interested,Follow up in 180 days,Kyle,Yes,In Person,FALSE,
LID-00022,CID-349A2098,Highway Towing,2025-11-10,"Dont really get a lot of scrap metal, mainly tires and plastic bumpers. But when they do I told him to go to Madfos",No Scrap,Lost,Cold,5/9/2026,35,145,Other,Follow up in 180 days,Kyle,Yes,In Person,FALSE,
LID-00023,CID-A7D36C20,Mobile Communications,2025-11-10,"Interested, but doesnt feel like they generate enough scrap. Told him it doesnt just have to be a roll off container",No Scrap,Lost,Cold,5/9/2026,35,145,Other,Follow up in 180 days,Kyle,Yes,In Person,FALSE,
LID-00024,CID-50923FA4,Overhead Door Company,2025-11-10,will give me a call once they are able to speak to the owner about it,Interested,Nurture,Hot,11/24/2025,35,-21,Interested,Send pricing info,Kyle,Yes,In Person,FALSE,
LID-00025,CID-770DC4D9,Rexel Electric Supply,2025-11-10,"Dont produce any scrap metal, but will let people know",Interested,Nurture,Hot,11/24/2025,35,-21,Interested,Send pricing info,Kyle,Yes,In Person,FALSE,
LID-00026,CID-7475A0D0,Tyler Tool,2025-11-10,Talked to Ed Datwyler and he is reaching out to his business partner and knows some people who my need car crushing services,Interested,Nurture,Hot,11/24/2025,35,-21,Interested,Send pricing info,Kyle,Yes,In Person,FALSE,
LID-00027,CID-F91BEA97,Waterman Electric,2025-11-10,Will talk to Cindy (owner) after she returns from vacation on 11/18/2025.,No Scrap,Lost,Cold,5/9/2026,35,145,Other,Follow up in 180 days,Kyle,Yes,In Person,FALSE,
LID-00028,CID-6C48A5BE,Advantage Roofing,2025-11-11,Said to call back tomorrow when the owner is there so that I can talk to someone who makes the decisions.,Interested,Nurture,Hot,11/25/2025,34,-20,Interested,Send pricing info,Kyle,Yes,In Person,FALSE,
LID-00029,CID-EF0854C1,ASAP Roofing,2025-11-11,The manager was on the phone and asked if I could call or come back tomorrow,Interested,Nurture,Hot,11/25/2025,34,-20,Interested,Send pricing info,Kyle,Yes,In Person,FALSE,
LID-00030,CID-B64E54DC,B & L Casing,2025-11-11,Was not able to get in contact with the person in charge but they took my information and I grabbed a phone number from them and plan on calling them back tomorrow,Interested,Nurture,Hot,11/25/2025,34,-20,Interested,Send pricing info,Kyle,Yes,In Person,FALSE,
LID-00031,CID-86189B03,Cables Roofing,2025-11-11,"Said there guys usually load it up and take it to Tyler Iron, I let him know about our roll off and pricing and he said he would give me a call for commercial jobs",Not Interested,Lost,Cold,5/10/2026,34,146,Interested,Follow up in 180 days,Kyle,Yes,In Person,FALSE,
LID-00032,CID-2C22DFF4,Coleman Roofing,2025-11-11,Office was locked. Called and the owner saved my number and said he would give me a call if they have a job with scrap metal. He did inquire about pricing and I explained how effective and efficient it is to let us take care of the scrap metal that way his employees are freed up to do other things.,No Scrap,Lost,Cold,5/10/2026,34,146,Other,Follow up in 180 days,Kyle,Yes,In Person,FALSE,
LID-00033,CID-52A86A0C,Eagle Steel Buildings,2025-11-11,I could not get in contact with the right person so I want to go back in the morning to see if I can secure this account,Not Interested,Lost,Cold,5/10/2026,34,146,Interested,Follow up in 180 days,Kyle,Yes,In Person,FALSE,
LID-00034,CID-266B83A6,Miller Electric,2025-11-11,The manager wasn't there but the receptionist is going to give them my card and hopefully reach out to me. If i dont heard from them in 3 days I will give them a call back,Not Interested,Lost,Cold,5/10/2026,34,146,Interested,Follow up in 180 days,Kyle,Yes,In Person,FALSE,
LID-00035,CID-6953A391,Pro Star Rental,2025-11-11,Does not generate any scrap.,No Scrap,Lost,Cold,5/10/2026,34,146,Other,Follow up in 180 days,Kyle,Yes,In Person,FALSE,
LID-00036,CID-B26E3F7E,Prolific Welding,2025-11-11,"Said he currently uses Tyler Iron, but just loads it on his trailer and takes it. I informed him that we can provide better service and offer competitive pricing to try and gain his business. I gave him my card and said whenever he takes his metal to the scrap yard to give me a call and we can offer top dollar for it",Interested,Nurture,Hot,11/25/2025,34,-20,Interested,Send pricing info,Kyle,Yes,In Person,FALSE,
LID-00037,CID-CCFE8F28,Quality Air Conditioning,2025-11-11,Called (903)581-1352 and was told that they were a small company and do not generate enough scrap metal,Not Interested,Lost,Cold,5/10/2026,34,146,Interested,Follow up in 180 days,Kyle,Yes,In Person,FALSE,
LID-00038,CID-AC652910,Rub a Dub Plumbing,2025-11-11,"Very Interested, said they just pile up scrap in their warehouse, told her how efficient and easy our process is and how we can make it accommodate any facility. We exchanged cards and I will be emailing her tomorrow to reach back out since it would be a decision that the owner would have to make and he wont be in until 11/12/2025",Interested,Nurture,Hot,11/25/2025,34,-20,Interested,Send pricing info,Kyle,Yes,In Person,FALSE,
LID-00039,CID-0593523F,Watson Plumbing,2025-11-11,"Gives the scrap metal to their employees, told him that we offer containers of various sizes, and seperate them for free to try and maximize his return. Was not all that interested",Interested,Nurture,Hot,11/25/2025,34,-20,Interested,Send pricing info,Kyle,Yes,In Person,FALSE,
LID-00040,CID-CE86B902,WEI Cooling & Heating,2025-11-11,"Owner said that he really does not have enough scrap to warrant a roll off container, and usually only has maybe 1 55 gallon drum once a year. I told him to contact me whenever he does go and to go to Madfos. Also let him know that we offer any size containers and a pallet, but he wasnt all that interested",Not Interested,Lost,Cold,5/10/2026,34,146,Interested,Follow up in 180 days,Kyle,Yes,In Person,FALSE,
LID-00041,CID-4C50D9D6,Yosemite Roofing,2025-11-11,Spoke to Ed and explained that we could easily put a box and informed him that he wouldnt even have to worry about seperating it because thats a service that we provide. He had scrap metal laying all over the place and was really receptive. He wants a roll off container as soon as possible,No Scrap,Lost,Cold,5/10/2026,34,146,Other,Follow up in 180 days,Kyle,Yes,In Person,FALSE,
LID-1765406912931,CID-0143AC6E,nobles transmission,2025-11-11,Won,Won,Won,Active,11/15/2025,,-25,Won,Deploy container & schedule pickup,marketing@kl-recycling.com,Yes,In Person,FALSE,
LID-00043,CID-81B97155,"A & J Roofinf, Construction",2025-11-12,"I spoke with the office manager who mentioned they mainly deal with shingles and wood but occasionally have scrap metal from flashing, gutters, and demo tear‑offs. I explained that even small amounts of mixed metal can be itemized so they get maximum value, and although most of their disposal goes through construction debris haulers, I clarified that we don’t handle trash but can accept containers with incidental wood or concrete tied to demo projects. They were receptive, took my card, and I emphasized how easy it is to drop off a roll‑off container at their yard or job site. I plan to follow up in a week to see if they have any upcoming demo jobs where scrap metal will be generated.",Interested,Nurture,Hot,11/26/2025,33,-19,Interested,Send pricing info,Kyle,Yes,In Person,FALSE,
LID-00044,CID-9F49B3C2,A&W Hill Roofing,2025-11-12,"the receptionist connected me with a foreman who said they currently use AIM for scrap disposal but aren’t thrilled with the service. He mentioned AIM sometimes delays pickups, which slows down their workflow, so I explained our faster turnaround and guaranteed service reliability. I highlighted that we can itemize aluminum, copper, and steel from roofing jobs to maximize their return, and that we don’t charge roll‑off fees. He seemed interested, asked for a card, and said he would pass it to the owner. I plan to call the owner directly next week to reinforce the value proposition and emphasize our superior service compared to AIM.",Interested,Nurture,Hot,11/26/2025,33,-19,Interested,Send pricing info,Kyle,Yes,In Person,FALSE,
LID-00045,CID-FF5494A6,Bar None Roofing,2025-11-12,"I talked directly with the owner who said they usually haul scrap themselves in pickup loads and don’t use roll‑off containers. I explained the efficiency of having a container onsite, saving labor and trips to the yard, and how our roll‑off fee is offset by the time and liability avoided. He was hesitant, saying they don’t generate huge piles, but I pointed out that even moderate amounts of aluminum and steel from roofing tear‑offs add up quickly when itemized. He asked about pricing, and I explained our competitive rates and no hidden fees. I left my card and suggested he try a small container on one of his larger projects to see the difference, and I plan to reach out in 2–3 days to check if he has a big job coming up where a container would make sense.",Interested,Nurture,Hot,11/26/2025,33,-19,Interested,Send pricing info,Kyle,Yes,In Person,FALSE,
LID-00046,CID-938FA471,DGI Precision Metal,2025-11-12,"Had a really good conversation with the owner and he showed me the area he would want the box because of there being scrap metal all over the ground. Said that he usually puts it all on a trailebut I explained to him that our small roll off fee far exceeds the vexpense that is incurred with loading the scrap metal on a trailer, driving to Dallas, putting wear and tear on his vehicles, and the liability of the metal coming loose and hitting another vehicle. Also told him that we would itemize and seperate his metal to get maximize his returnss. Any question he asked or had concerns with, I responded in a manner that not only confirmed how our service is superior, but how we can accommodate any type of business needs. He said he would definitely be giving me a call",Interested,Nurture,Hot,11/26/2025,33,-19,Interested,Send pricing info,Kyle,Yes,In Person,FALSE,
LID-00047,CID-6DCA3B4A,East Texas Collision Repair,2025-11-12,"Normally load it on a trailer and take it to a scrap yard, informed her on our pricing and how its effortless to have it at their location. Said that David would need to be the one to talk to about that and that hes usually available in the mornings, but was currently off of the property at the time. Left her my card and will follow up in 2 days",Interested,Nurture,Hot,11/26/2025,33,-19,Interested,Send pricing info,Kyle,Yes,In Person,FALSE,
LID-00048,CID-80386DBF,Gutter Gutter,2025-11-12,I am good friends with his girlfriend's brother and so I sent him a message on Facebook to provide him with some information regarding who we are and how our roll off containers could benefit his gutter business.,Interested,Nurture,Hot,11/26/2025,33,-19,Interested,Send pricing info,Kyle,Yes,In Person,FALSE,
LID-00049,CID-FE1DA010,Holiday Sheet Metal Company,2025-11-12,"They already have a roll off with AIM, the owner said he had been with Block for decades si when AIM took it over he just went with them. Explained our process and he said he doesnt really pay attention to what AIM is charging him for roll-off fees, so i told him to look at it and whatever it is we can offer better service and no fees. I only did this because they generate a fair amount of scrap. He also said there has been a couple things that AIM has done that made him upset, but wouldnt really go into detail. I gave him my card and told him that if he is displeased with AIM I can guarantee our service will far exceed theirs. E",Interested,Nurture,Hot,11/26/2025,33,-19,Interested,Send pricing info,Kyle,Yes,In Person,FALSE,
LID-00050,CID-12D3D692,James Awning and Canvas Co.,2025-11-12,"Spoke to a manager and he was very interested because they have a pile of scrap metal just sitting in the back, explained the different size containers we offer, the ease and efficiency of dropping off a container, and how we can itemize their scrap metal because they deal with a lot of aluminum. Referred me to East Texas Awning in Jacksonville to the owner whose name is Eddy",Interested,Nurture,Hot,11/26/2025,33,-19,Interested,Send pricing info,Kyle,Yes,In Person,FALSE,
LID-00051,CID-3667C598,KEA Construction,2025-11-12,"Took my card and was interested, but they do not get into much scrap very often unless its a demo project, but said that he would hold onto my card for whenever they are needing a roll-off container. He did ask if we offered trash services, but I told him that we don't normally deal with trash, mainly scrap metal. Also explained our process and with him being a demo company that we also accept it if there is wood or concrete on it",Interested,Nurture,Hot,11/26/2025,33,-19,Interested,Send pricing info,Kyle,Yes,In Person,FALSE,
LID-00052,CID-2D24C571,Lilly Machinery,2025-11-12,"Uses Tyler Iron for their roll off containers and has not had any issues with them. I gave her my card and said we would be willing to take off the roll off fee and pay very competitive pricing for their metal, but she did not seem interested whatsoever.",Has Vendor,Nurture,Warm,2/10/2026,33,57,Has Vendor,Follow up in 90 days,Kyle,Yes,In Person,FALSE,
LID-00053,CID-E0AE0301,Premier Auto Repair,2025-11-12,The shop manager had left for the day but the receptiuonist said she would give my card to him and have him call me. I explained the process and expressed how efficient and valuable it is to have a roll off container at a business that has scrap metal. Explained how much their space could benefit from a container by using examples of what the company could do with the extra money they are making from it,Interested,Nurture,Hot,11/26/2025,33,-19,Interested,Send pricing info,Kyle,Yes,In Person,FALSE,
LID-00054,CID-0447E72C,Roto-Rooters,2025-11-12,"Was very receptive, was hesitant at first because she was saying that they mainly had water heaters and cast iron, but I explained that it did not matter what type of metal is in the roll off and that we could even itemize everything so she is able to get max value for her metal. Explained the different roll off container sizes that we offer. I would like to follow up because she said she would talk to her husband about it.",Interested,Nurture,Hot,11/26/2025,33,-19,Interested,Send pricing info,Kyle,Yes,In Person,FALSE,
LID-00055,CID-06724258,Tyler Building Systems,2025-11-12,"Gave my card to the receptionist and she said she would give it to the shop manager. She said that they do have scrap metal, but she wasnt exactly sure what they did with it. I explained the process and told her how easy we try to make it for businesses with our roll off service and said she will give me a call back soon.",Interested,Nurture,Hot,11/26/2025,33,-19,Interested,Send pricing info,Kyle,Yes,In Person,FALSE,
LID-00056,CID-1461834F,BXC Roofing,2025-11-13,Spoke with Jeffery and he said they dont deal with scrap metal a whole lot because their contractors typically take the metal if they are doing a metal roofing job. He is going to give my card to his project manager and give me a call if he needs our service.,Corporate/Manager Approval,Nurture,Warm,12/13/2025,32,-2,Other,General Follow up,Kyle,Yes,In Person,FALSE,
LID-00057,CID-609E1212,Cody Dodd Air Conditioning,2025-11-13,"Door was locked and when i called it went to voicemail, so I left a message and will try calling back in a couple hours",Not Interested,Lost,Cold,5/12/2026,32,148,Interested,Follow up in 180 days,Kyle,Yes,In Person,FALSE,
LID-00058,CID-DF5AA304,Cover 3 Roofing & Construction,2025-11-13,Spoke with the office manager who said they do a lot of tear-offs and generate mixed scrap. They usually haul it themselves but were open to trying a container on a big job. I explained our pricing and how we itemize aluminum and steel. She took my card and said she’d talk to the owner. I’ll follow up in a few days.,Interested,Nurture,Hot,11/27/2025,32,-18,Interested,Send pricing info,Kyle,Yes,In Person,FALSE,
LID-00059,CID-3425F9B8,East Texas Roof Works & Sheet Metal,2025-11-13,"Spoke with the shop manager who said they generate a steady stream of steel and aluminum scrap from custom fabrication jobs. They currently haul it themselves but admitted it’s a hassle coordinating trips and sorting metal. I explained how our roll-off container service eliminates that burden, and that we itemize everything to ensure they get top dollar. He was interested and asked for a pricing sheet. I gave him my card and plan to follow up early next week with container size options and a sample payout breakdown.",Interested,Nurture,Hot,11/27/2025,32,-18,Interested,Send pricing info,Kyle,Yes,In Person,FALSE,
LID-00060,CID-5EE9AA9F,GDC Industrial,2025-11-13,"Receptionist connected me with a manager who said they do produce a steady stream of scrap metal from machining and fabrication. They currently use AIM but mentioned they’ve had issues with inconsistent pickup times. I explained our faster turnaround, no roll-off fees, and how we itemize metals like aluminum, stainless, and copper to maximize payouts. He was intrigued and asked for a quote. I left my card and plan to follow up early next week to discuss container placement and pricing.",Interested,Nurture,Hot,11/27/2025,32,-18,Interested,Send pricing info,Kyle,Yes,In Person,FALSE,
LID-00061,CID-F2F12FFB,Glenwood Blinds and Awnings,2025-11-13,"The owner was adimate about taking the scrap metal themselves, I explained how easy it is to just put the container at their business and just make a call whenever it is full as well as the amount of time it would save them. She did not seem to care so I gave her my card and said whenever she is taking her scrap to the scrapyard to give me a call and we can offer competitive prices so she gets the most value for her scrap metal",Not Interested,Lost,Cold,5/12/2026,32,148,Interested,Follow up in 180 days,Kyle,Yes,In Person,FALSE,
LID-00062,CID-15270DAB,Gutterworks,2025-11-13,Talked to the owner who installs and repairs gutters. He said they generate aluminum scrap regularly but usually haul it themselves. I explained how we could place a small container at their shop or job sites and itemize the metal for better payouts. He was receptive and took my card. I’ll follow up in a few days to see if they have a job coming up where a container would help.,Interested,Nurture,Hot,11/27/2025,32,-18,Interested,Send pricing info,Kyle,Yes,In Person,FALSE,
LID-00063,CID-A15710A1,Hollywood Doors,2025-11-13,"The manager was interested, but they typically just put the scrap metal on the side of the road and people are constantly driving by and pick it up. I let him know that he could make money off of the scrap, but was concerned about people stealing the metal from the roll off container since there is no enclosed space to secure the container. That was his main concern, but I let him know that we have containers of various sizes so we could put a 10 yard one in his shop. I gave him my card and said he would talk to the owner about it, but doesn't know what he will say since the method that they have going has been working so well",Interested,Nurture,Hot,11/27/2025,32,-18,Interested,Send pricing info,Kyle,Yes,In Person,FALSE,
LID-00064,CID-6BF8795C,Joe's Autoworks,2025-11-13,"Talked to the owner and he said that they have a trailer that they normally load scrap onto and haul to the scrap yard (AIM). I told him that we could put our container on his property, itomize all of his metal, and pay top dollar for his scrap. He repeatedly said ""I think I am good"", but I still gave him my card and told him that if the roll off container isn't for him then to at least call me whenever he get ready to haul his scrap so that we could offer him a very competitive price compared to AIM",Has Vendor,Nurture,Warm,2/11/2026,32,58,Has Vendor,Follow up in 90 days,Kyle,Yes,In Person,FALSE,
LID-00065,CID-94C1CA0E,Lews Welding,2025-11-13,"They currently do not have a roll off and use AIM because its convienent - no loyalty to them. I told them that we can offer a better price whenever they get ready to take their metal to the scrap yard. I also told him that we could put a roll off container in their yard and waive the fee since they would be generating quite a bit of it. They have a lot of short aluminum 6061 and I mentioned that he wouldn't even have to try and seperate it, we do it all at our facility. Very Interested",Interested,Nurture,Hot,11/27/2025,32,-18,Interested,Send pricing info,Kyle,Yes,In Person,FALSE,
LID-00066,CID-A88ABF0A,Magneto Service & Supply,2025-11-13,Spoke with the owner who repairs and rebuilds Lincoln welders and other heavy-duty equipment. They generate a steady stream of scrap from engine overhauls and magneto work. I explained how we could place a small roll-off container at their shop and itemize the metal for maximum return. He was interested in the convenience and said he’d consider it next time they clean out the yard. Left my card and plan to follow up in a week.,Interested,Nurture,Hot,11/27/2025,32,-18,Interested,Send pricing info,Kyle,Yes,In Person,FALSE,
LID-00067,CID-B9B6838C,Mikala Construction,2025-11-13,Spoke with the office manager who said they occasionally generate scrap metal from demo jobs but usually have it hauled off with general debris. I explained that we specialize in metal recovery and can place a roll-off container at their yard or job sites to separate and itemize the metal for maximum value. They were receptive and took my card. I plan to follow up next week to see if they have any upcoming projects where a container would be useful.,No Scrap,Lost,Cold,5/12/2026,32,148,Other,Follow up in 180 days,Kyle,Yes,In Person,FALSE,
LID-00068,CID-4392844B,New Hope Energy,2025-11-13,Spoke with operations manager who said they process plastic waste into fuel and generate some metal scrap from equipment maintenance. I explained our roll-off service and how we can handle mixed loads with incidental debris. He was interested in our pricing and asked for a proposal. I’ll follow up next week with a quote and container specs.,Interested,Nurture,Hot,11/27/2025,32,-18,Interested,Send pricing info,Kyle,Yes,In Person,FALSE,
LID-00069,CID-E54A0A94,Quality Burning/T&G Welding,2025-11-13,Talked to the shop foreman who said they do heavy plate cutting and welding. They generate a lot of steel scrap and currently haul it themselves. I explained our no-fee container service and how we sort and pay top dollar. He was interested and said he’d talk to the owner. I’ll follow up in a few days.,Interested,Nurture,Hot,11/27/2025,32,-18,Interested,Send pricing info,Kyle,Yes,In Person,FALSE,
LID-00070,CID-88E3692E,Spur Machine Work,2025-11-13,"Talked to a shop supervisor who said they currently haul their scrap to a local yard themselves. I explained how our roll-off service could save them time and labor, and that we offer competitive pricing with no roll-off fee. He was interested in the idea of having a container on-site and liked the fact that we handle all the sorting and itemization. Gave him my card and he said he would bring it up with the owner. Planning to follow up in a few days.",Interested,Nurture,Hot,11/27/2025,32,-18,Interested,Send pricing info,Kyle,Yes,In Person,FALSE,
LID-00071,CID-D2238C0C,Texas Rain Pros,2025-11-13,"Spoke with a receptionist who said they do generate some scrap metal from gutter and rainwater system installations, but most of it is taken by subcontractors. I explained how we could provide a small roll-off container for their yard or job sites and that we can itemize aluminum and other metals for better returns. She took my card and said she would pass it along to the operations manager. I’ll follow up next week to see if there’s interest in trying a container on an upcoming job.",Interested,Nurture,Hot,11/27/2025,32,-18,Interested,Send pricing info,Kyle,Yes,In Person,FALSE,
LID-00072,CID-64D9CC20,Weld Works,2025-11-13,They are currently using AIM and have been happy with their service so far. I told them that we could offer more competitive pricing and that our service is immensley greater than theirs. I gave them my card and told them to give me a call if they ever have any issues.,Has Vendor,Nurture,Warm,2/11/2026,32,58,Has Vendor,Follow up in 90 days,Kyle,Yes,In Person,FALSE,
LID-00073,CID-3867DCB3,64 West Building Materials,2025-11-14,"Primarily deals with wood, but I gave them several of my cards and asked them to hand them out to various customers who would be interested in a roll off container for their business or project sites",No Scrap,Lost,Cold,5/13/2026,31,149,Other,Follow up in 180 days,Kyle,Yes,In Person,FALSE,
LID-00074,CID-713B9B56,Alan fielding electric,2025-11-14,"Talked to Alan, the owner. He said they generate a lot of copper wire and aluminum conduit. They've just been hauling it to AIM themselves. I told him we could drop a container and itemize all the wire for him. He seemed very interested. Told me to call him back Monday morning to set something up.",Interested,Nurture,Hot,11/28/2025,31,-17,Interested,Send pricing info,Kyle,Yes,In Person,FALSE,
LID-00075,CID-3451128A,Anderson automotive,2025-11-14,The owner was out on a call. Spoke to the receptionist and explained our roll off service. She said they usually have a pile of parts. Left my card and told her I'd follow up with the owner tomorrow or Monday. I want to try and catch him in the morning.,Not Interested,Lost,Cold,5/13/2026,31,149,Interested,Follow up in 180 days,Kyle,Yes,In Person,FALSE,
LID-00076,CID-0E1DCDFA,Cates Machine Shop,2025-11-14,Spoke with the shop manager. They generate a lot of steel shavings and aluminum cut-offs. They're currently using AIM for their roll off. I told him we could guarantee better pricing and no fees. He didn't seem too unhappy with AIM but took my card. Said he'd pass it to the owner. I'll follow up in a few days.,Has Vendor,Nurture,Warm,2/12/2026,31,59,Has Vendor,Follow up in 90 days,Kyle,Yes,In Person,FALSE,
LID-00077,CID-3CB8D646,East Texas Automotive,2025-11-14,"Spoke to the shop manager. They just have a pile of old rotors, engine parts, and aluminum scrap out back. He said they haul it to the yard themselves. I explained how our roll-off service saves him the time and hassle. He was hesitant. but I told him to call me for a price on his next load.",Interested,Nurture,Hot,11/28/2025,31,-17,Interested,Send pricing info,Kyle,Yes,In Person,FALSE,
LID-00078,CID-D4C1FDF1,Sawyer Metal,2025-11-14,"Talked to the manager, he said they're currently using AIM for their roll off. I told him we could offer better pricing and that our service is guaranteed to be better. He seemed interested. Told him to look at his last AIM invoice and then give me a call. He said he would look it over and get back to me.",Has Vendor,Nurture,Warm,2/12/2026,31,59,Has Vendor,Follow up in 90 days,Kyle,Yes,In Person,FALSE,
LID-00079,CID-713A01E9,Texas steel carports,2025-11-14,Spoke with the owner. He said they just load scrap on their own trailer and haul it themselves. I explained how our roll off container makes it easier. He wasn't budging. I gave him my card and said to call me if he ever gets tired of loading it himself.,Not Interested,Lost,Cold,5/13/2026,31,149,Interested,Follow up in 180 days,Kyle,Yes,In Person,FALSE,
LID-00080,CID-25AA8A43,Ameco,2025-11-17,"Currently use another vendor (the receptionist wasn't sure who), but I told her that we could offer very competitive prices and explained our services. I gave her my card and she said that the person I needed to talk to would be back in the office tomorrow.",Has Vendor,Nurture,Warm,2/15/2026,28,62,Has Vendor,Follow up in 90 days,Kyle,Yes,In Person,FALSE,
LID-00081,CID-CC274789,Atwoods,2025-11-17,"Spoke to a manager about the possibility of placing a roll-off container, but they only generate a small portion of scrap metal, but he said he would let people and businesses know about our services and I gave him a couple cards to hand out.",No Scrap,Lost,Cold,5/16/2026,28,152,Other,Follow up in 180 days,Kyle,Yes,In Person,FALSE,
LID-00082,CID-730F266F,AW Trailer Sales & Service,2025-11-17,"Said that they normally just load up truck beds onto a trailer and take it to Tyler Iron. I explained how easy our service is and it eliminates them having to use man power and time loading up the truck beds, but she didn't seem too interested. I gave her my card and said next time they take it to the scrap yard to call me and I can offer a very competitive price. I also gave her my card and said that they have a lot of customers asking if they rent roll-offs or know where to get them and she would give them my number.",Not Interested,Lost,Cold,5/16/2026,28,152,Interested,Follow up in 180 days,Kyle,Yes,In Person,FALSE,
LID-00083,CID-E0792CBD,East Texas Containers,2025-11-17,Was not able to get in contact with the person in charge. Left my card and info with the office manager who said they would need to get it approved by corporate before making any decisions on a container.,Not Interested,Lost,Cold,5/16/2026,28,152,Interested,Follow up in 180 days,Kyle,Yes,In Person,FALSE,
LID-00084,CID-24B7E75B,Gotcha Covered Metal and Portable Buildings,2025-11-17,"Had a long conversation with Kenny Cargill the owner and he wants to proceed forwards with a roll off container. So as soon as we can get one out to him, he would be greatly appreciative of it.",Won,Won,Active,11/22/2025,28,-23,Interested,Deploy container,Kyle,Yes,In Person,FALSE,
LID-00085,CID-C4C822E5,Riley Powers Inc,2025-11-17,Spoke to the receptionist who said the shop manager or owner handles all vendor decisions. Explained our roll off service and they took my card. Said they would pass it along for approval and get back to me.,Corporate/Manager Approval,Nurture,Warm,12/17/2025,28,2,Other,General Follow up,Kyle,Yes,In Person,FALSE,
LID-00086,CID-B779D114,Second Generation Arc N Spark Welding,2025-11-17,"They are currently using Tyler Iron and have not had any issues with them. I explained how our services are far better and we can offer extremely competitive pricing for their scrap, but they did not seem very interested in making the switch.",Has Vendor,Nurture,Warm,2/15/2026,28,62,Has Vendor,Follow up in 90 days,Kyle,Yes,In Person,FALSE,
LID-00087,CID-C0B63965,Striping Technology,2025-11-17,"Talked to the manager, they mainly deal with container rentals and repairs. Said they don't generate enough scrap metal to warrant a roll off container. Gave them my card in case anything changes.",Corporate/Manager Approval,Nurture,Warm,12/17/2025,28,2,Other,General Follow up,Kyle,Yes,In Person,FALSE,
LID-00088,CID-9DCB58F1,"Texas Sheet Metal, LLC",2025-11-17,"Talked to the owner Jose Ramos and he said that they typically take about 6,000 lbs of sheet metal to Tyler Iron every month. I told him that we could offer very competitive pricing and because he produces so much scrap metal a month that we could waive the roll off fee. He is needing a 30 yd container as soon as possible",Won,Won,Active,11/22/2025,28,-23,Interested,Deploy container,Kyle,Yes,In Person,FALSE,
LID-00089,CID-9DE0864A,Tyler Tool & Fasteners,2025-11-17,"Talked to one of the owners, Randy Hunter, and he just has to confirm with some of his partners to use us as their roll-off service account. I will check back in two days to confirm that they came to an agreement, but I am pretty sure it will be a done deal",Interested,Nurture,Hot,12/1/2025,28,-14,Interested,Send pricing info,Kyle,Yes,In Person,FALSE,
LID-00090,CID-F9173DF1,Rayson Autobody LLC,2025-11-18,"Spoke with Gary Rayson regarding our services, said he was just using a small bin and it was a hassle trying to load it all up to take to the scrap yard. Walked the property with him and noticed scrap scattered everywhere. I told him how easy of a system it is to have just a container and that we can go through and seperate it all for him. We figured out where the container would best fit and he decided he wanted to use our roll-off container services. Account won",Won,Won,Active,11/23/2025,27,-22,Interested,Deploy container,Kyle,Yes,In Person,FALSE,
LID-00091,CID-7FE988B8,Air Rover,2025-11-20,They did not have a lot of scrap metal and were very reluctant to talk to me because they make aerospace parts for the government. I still gave them information about our roll-off service and gave them my card.,Not Interested,Lost,Cold,5/19/2026,25,155,Interested,Follow up in 180 days,Kyle,Yes,In Person,FALSE,
LID-00092,CID-B34646F3,Calvins Welder Repair,2025-11-20,Talked to the owner for a while and he just didnt think he generated enough scrap to warrant a roll off or even a box since he runs a small time business. He took my card and said that he would let his customers know about our company and services.,No Scrap,Lost,Cold,5/19/2026,25,155,Other,Follow up in 180 days,Kyle,Yes,In Person,FALSE,
LID-00093,CID-9523F9D8,CNC Fabrication,2025-11-20,"Owner said that they take it themselves to Tyler Iron, he said they take roughly 2-3k lbs of short iron a month and Tyler Iron pays $8 per 100lbs. He said they have a system that works and doesnt want to make a change. I still asked him what it would take to get his business and he said hes never thought about that, but nonetheless still is not interested in changing up how he does things because they have a great relationship with Tyler Iron",Has Vendor,Nurture,Warm,2/18/2026,25,65,Has Vendor,Follow up in 90 days,Kyle,Yes,In Person,FALSE,
LID-00094,CID-B6E6FF1B,Etheridge industrial services,2025-11-20,"In house, did not want to disclose any information about how they handled their scrap metal. I explained how easy and efficient our roll-off service was and how we could offer top dollar for their metal, but they did not seem interested",Not Interested,Lost,Cold,5/19/2026,25,155,Interested,Follow up in 180 days,Kyle,Yes,In Person,FALSE,
LID-00095,CID-72068DA5,MCM Metal Buildings,2025-11-20,The front door was locked so I called them and got the voicemail of the owner (Alan Acker) so I left a brief voicemail explaining who I was and how we offer roll-off services to businesses with scrap metal. I will try calling back tomorrow.,,Prospect,Cold,,25,-46006,,,Kyle,Yes,In Person,FALSE,
LID-00096,CID-7D3975BA,Reece Plumbing,2025-11-20,The owner said that they did not generate much scrap and what scrap they do get he lets his guys take it. I explained how easy our service was but he did not really want to change the process he already has since its working. I gave him my card and told him if things change to let me know.,Not Interested,Lost,Cold,5/19/2026,25,155,Interested,Follow up in 180 days,Kyle,Yes,In Person,FALSE,
LID-00097,CID-5B6901F8,Texas Metal Carports,2025-11-20,"Talked to one of the top managers for a while. Both of the owners won't be back until next week, but I got some good information from the manager. He explained that they fill up a 30yd roll off container 2 times a month and that they are currently using Tyler Iron. I asked if there were any pain points that they are currently having with them and he said that one of the drivers is rude and grumpy and when they call to get their roll off dumped, there is no guranteed time or date that Tyler Iron can get to it. I explained how our services are significantly better and how we are much more innovative and can give a much more accurate timeframe when we would be able to pick it up. Told him that we could put the container at their business for free. The manager did not know exactly how much Tyler Iron was paying, but I told him to ask and whenever I go back up there next week I can get with Corey and see if we can get a better price. He was very interested and said he would give my card to the owners, but I still plan on going up there first thing next week.",Won,Won,Active,11/25/2025,25,-20,Interested,Deploy container,Kyle,Yes,In Person,FALSE,
LID-00098,CID-D8B978B4,3H Building and Construction,2025-11-21,,No Scrap,Lost,Cold,5/20/2026,24,156,Other,Follow up in 180 days,Kyle,Yes,In Person,FALSE,
LID-00099,CID-F0422CA6,Ariens Lawn Mower,2025-11-21,"I was passing by and saw that they had a fair amount of lawn mowers outside, but they have someone else pick up their scrap - Archie. They gave Archie a call and turns out he takes his scrap to Huntwell. I tried explaining the different sized roll off containers, making them contemplate the amount of money they would make off of the scrap compared to reselling old mowers that do not work. But ultimately they felt as if they didn't have anough scrap and they have a really good relationship with Archie",Has Vendor,Nurture,Warm,2/19/2026,24,66,Has Vendor,Follow up in 90 days,Kyle,Yes,In Person,FALSE,
LID-00100,CID-F5A4A231,Boat Services,2025-11-21,Does not have any scrap,,Prospect,Cold,,24,-46006,,,Kyle,Yes,In Person,FALSE,
LID-00101,CID-1088BAE8,Nautica Marine Parts and Service,2025-11-21,"Met with a manager and the owner currently hauls the scrap metal off himself so I explained our process and how we could pay top dollar for the metal and it would alleviate some of the hassle of having to haul it off to a scrap yard. The manager seemed really receptive, but it would have to be approved by the owner. The owner will not be in town the next week, so I plan on stopping by the week after next and try to gain this account.",Interested,Nurture,Hot,12/5/2025,24,-10,Interested,Send pricing info,Kyle,Yes,In Person,FALSE,
LID-00102,CID-B31140B4,Petroleum Group,2025-11-21,"Was really interested in our services, but they didnt feel like they generated enough scrap to warrant a roll off container. I walked around with the field service manager looking at their scrap and it really wasnt much. They also dont really have very much space for a roll off container because their republic roll off container takes up most of it. I told him that I could always bring a bin and pallet by since they dealt with mainly aluminum pumps and he seemed intrigued by it. We exchanged cards and he said to give him a call in a week if I havent heard from him and we could work something out",Interested,Nurture,Hot,12/5/2025,24,-10,Interested,Send pricing info,Kyle,Yes,In Person,FALSE,
LID-00103,CID-709BA40E,Texwin Metal Buildings,2025-11-21,No scrap metal. The metal buildings are pre-built so they do not come across a lot of scrap,No Scrap,Lost,Cold,5/20/2026,24,156,Other,Follow up in 180 days,Kyle,Yes,In Person,FALSE,
LID-00104,CID-3CF5B20B,Casting Repair Service,2025-11-25,"He said that he would be retiring in 2 years and had a lot of scrap that he needed to get rid of (A couple machines weighing 900lbs each, as well as aluminum cast and steel) but his space is currently just a little too small and he said it would take him a year to fill up a roll off. I offered a pallet and box so that he would throw his metal in there and make it easy and efficient, but he wanted to get some more use out of his trailer that he is about to scrap. I told him as long as its metal I would buy it and he said he would reach out whenever he cleans his shop up a little bit",No Scrap,Lost,Cold,5/24/2026,20,160,Other,Follow up in 180 days,Kyle,Yes,In Person,FALSE,
LID-00105,CID-14E958E5,Dunn Transmissions,2025-11-25,"The manager was very receptive to my informing her on our services and how much it could help minimize the struggle of having to haul it off themselves. The owner wasn't in, but she said she would let him know and give him my card. I asked when a good time for me to stop by and talk to him would be and she said she wasn't all too sure so I will need to add her to the follow up list",Corporate/Manager Approval,Nurture,Warm,12/25/2025,20,10,Other,General Follow up,Kyle,Yes,In Person,FALSE,
LID-00106,CID-5B6901F8,Texas Metal Carports,2025-11-25,"Followed up with Sergio and convinced him that we could offer better service by putting them on a schedule to aleviate some of the issues he has had with calling Tyler Iron and them not showing up days later. Also told him that since he will be needing a 30 yard container dumped every 2 weeks during slow season and 1-2 times a week during peakseason, that we could pay slightly above board price. I have a confirmed price of .25 cents over board price. Confirmed with David and we will have a container dropped off over there tomorrow.",Won,Won,Active,11/30/2025,20,-15,Interested,Deploy container,Kyle,Yes,In Person,FALSE,
LID-00107,CID-0AF478B8,Tyler Muffler Shop,2025-11-25,"The owner ddidn't think he had enough space to warrant a roll off container, so I let him know about our other options and different sized boxes. And even then he just wasn't convinced so I gave him my card and told him that if and when he does take his scrap to call me so that he can take it to Madfos.",No Scrap,Lost,Cold,5/24/2026,20,160,Other,Follow up in 180 days,Kyle,Yes,In Person,FALSE,
LID-00108,CID-BE2CAE79,West Erwin Auto Repiar,2025-11-25,"manager/owner approval. currently lets someone take it from church, told him that we would seperate all metals to get him the best deal. also told him that if we put a roll off container on the property, it would benefit us, them, and the church so its really a win win situation. If he were the one making decisions I would have gotten the account. They dont produce a lot of scrap so its lower on my priority list",Interested,Nurture,Hot,12/9/2025,20,-6,Interested,Send pricing info,Kyle,Yes,In Person,FALSE,
LID-00109,CID-96205DAA,WON Motors LLC,2025-11-25,"Spoke to the shop foreman and he said that they typically take their scrap metal on a 4x8 trailer to Tyler Iron and Metal. I offered a smaller roll-off container option for him and asked what tyler Iron was paying so that he would start taking it to Madfos. He seemed interested, but before he could make any decisions, the owner would have to approve it. He said he would give me a call back, but I plan on stopping by next week whenever the owner gets back from vacation.",Corporate/Manager Approval,Nurture,Warm,12/25/2025,20,10,Other,General Follow up,Kyle,Yes,In Person,FALSE,
LID-00110,CID-C0D832D3,AAA Sanitation,2025-11-26,Has their own roll off containers,No Scrap,Lost,Cold,5/25/2026,19,161,Other,Follow up in 180 days,Kyle,Yes,In Person,FALSE,
LID-00111,CID-4BD15916,Ed Datwyler,2025-11-26,Spoke to Ed regarding a trailer of 304 stainless stell mesh he was scraping. I called Corey to confirm a price of $0.21/lb and said he was going to think about taking it to Madfos,Interested,Nurture,Hot,12/10/2025,19,-5,Interested,Send pricing info,Kyle,Yes,In Person,FALSE,
LID-00112,CID-21837C9D,Espinozas Paint and Body,2025-11-26,"Was kind of interested, but they are happy taking it themselves. I went down my rebuttal list, but I couldn't convince them",Not Interested,Lost,Cold,5/25/2026,19,161,Interested,Follow up in 180 days,Kyle,Yes,In Person,FALSE,
LID-00113,CID-63928F4B,Matheson,2025-11-26,"Did not feel as if they generated enough scrap metal, and mainly just deal with tanks",No Scrap,Lost,Cold,5/25/2026,19,161,Other,Follow up in 180 days,Kyle,Yes,In Person,FALSE,
LID-00114,CID-FB926709,Murpheys Welding,2025-11-26,"Has his own roll off container and currently takes it to Tyler Iron, asked him what it would take for him to bring his scrap from now on to Madfos and we agreed on a price of $8.75/100lbs. He is going to be cleaning up his shop and will have a good amount of short iron next week and in the future.",Won,Won,Active,12/1/2025,19,-14,Interested,Deploy container,Kyle,Yes,In Person,FALSE,
LID-00115,CID-1E12DEDC,Pedros Paint and Body,2025-11-26,"Spoke to the receptionist and she had told me that they dont currently use anyone and that the owner would be back around 5:30, so I plan on following up with them on 12/1/2025 or 12/2/2025",Interested,Nurture,Hot,12/10/2025,19,-5,Interested,Send pricing info,Kyle,Yes,In Person,FALSE,
LID-00116,CID-3BCCC000,Rays Autobody,2025-11-26,"Currently takes his scrap metal to Dallas. He asked how big it was and i let him know the different sizes and he seemed very interested, but wouldnt commit. He told me he would think about it, so I need to add him to my list to follow up",No Scrap,Lost,Cold,5/25/2026,19,161,Other,Follow up in 180 days,Kyle,Yes,In Person,FALSE,
LID-00117,CID-3836A252,Rose City Air,2025-11-26,"Spoke to the receptionist and she said that they are happy with AIM, I gave her my card and let her know that if there were any issues or problems to give me a call and we could arrange something convienvt to their needs.",Has Vendor,Nurture,Warm,2/24/2026,19,71,Has Vendor,Follow up in 90 days,Kyle,Yes,In Person,FALSE,
LID-00118,CID-71645C48,T&G Welding Supply,2025-11-26,"Was informed that they did not have any scrap, but said that they would let people know about our services",No Scrap,Lost,Cold,5/25/2026,19,161,Other,Follow up in 180 days,Kyle,Yes,In Person,FALSE,
LID-00119,CID-15F9D96A,Tyler Industrial Supply,2025-11-26,"Spoke to a manager and informed him on our services. He was very interested, but felt like he didn't get enough scrap and so they currently take it to Tyler Iron themselves. I let him know that he wouldnt even have to worry about loading it up because we can seperate and handle all of the heavy lifting. He said he would talk to his team next week. I will get this account, I just need to follow up.",Interested,Nurture,Hot,12/10/2025,19,-5,Interested,Send pricing info,Kyle,Yes,In Person,FALSE,
LID-00120,CID-EF0854C1,ASAP Roofing,2025-12-01,"Follow up completed. Still was not able to speak to someone that could make the decisions regarding implementing a roll off container for their jobs. They had told me to come early in the morning if I wanted to talk to the operations manager, but based on all of my interactions with roofing companies, I am putting the roofing industry as a low priority on my outreach attempts.",No Scrap,Lost,Cold,5/30/2026,14,166,Other,Follow up in 180 days,Kyle,Yes,In Person,FALSE,
LID-00121,CID-7305AF6F,Banggood Auto Parts,2025-12-01,"Follow up completed. They talked to corporate about the roll-off container and they said that they currently do not need one, I explained out services and how we could tailor it to their low amount of scrap metal, but the company is located in Australia and everything has to get approved by them.",Not Interested,Lost,Cold,5/30/2026,14,166,Interested,Follow up in 180 days,Kyle,Yes,In Person,FALSE,
LID-00122,CID-86189B03,Cables Roofing,2025-12-01,Follow up completed. They said they currently do not have any jobs that generate much scrap metal and were a little resistant to give me contractor information. He said their jobs are usually pretty small so he looks at it as kind of a bonus to his employees for taking the scrap themselves. I tried to explain how it could be like a bonus for them regardless if they take it or not because we can still pay him and he said he would think about it.,No Scrap,Lost,Cold,5/30/2026,14,166,Other,Follow up in 180 days,Kyle,Yes,In Person,FALSE,
LID-00123,CID-C688A9DC,Callibur Collision,2025-12-01,"Currently lets their employees take the scrap home but thought it might be a good idea to add a roll off to make it more organized. Said they do not produce very much scrap, but it varies. I let them know that we are partnered with various autobody shops around Tyler and we can accomodate any amount of scrap that they have or produce. He said he would discuss it with someone and let me know. I plan on going back over there later this week",Interested,Nurture,Hot,12/15/2025,14,0,Interested,Send pricing info,Kyle,Yes,In Person,FALSE,
LID-00124,CID-43547427,Fast Signs,2025-12-01,"They do not really deal with any scrap metal, its mainly wraps and digital signs",No Scrap,Lost,Cold,5/30/2026,14,166,Other,Follow up in 180 days,Kyle,Yes,In Person,FALSE,
LID-00125,CID-6B1E7213,Joe Hudson,2025-12-01,"Spoke to the receptionist and she said that she would give me card to someone, was not able to speak with a direct manager so I am not ruling them out as being unqualified",Corporate/Manager Approval,Nurture,Warm,12/31/2025,14,16,Other,General Follow up,Kyle,Yes,In Person,FALSE,
LID-00126,CID-3629A537,McCoys Plumbing,2025-12-01,Follow up complete. Spoke to the receptionist again because the owner was out. She had told me she gave my card to the owner and was told that he would think about it. So I need to go over there early/mid morning and try and speak with him directly,Corporate/Manager Approval,Nurture,Warm,12/31/2025,14,16,Other,General Follow up,Kyle,Yes,In Person,FALSE,
LID-00127,CID-157C38BD,Pro-Tech Services,2025-12-01,"Spoke with the owner and she was happy with how they are currently doing things because they really do not have a lot of scrap. I let her know that she could get paid for the scrap that she is putting out on the road. Didnt seem very concerned about it though. I still gave her a card and told her if she ever changed her mind, that I would pay top dollar for her metal",Not Interested,Lost,Cold,5/30/2026,14,166,Interested,Follow up in 180 days,Kyle,Yes,In Person,FALSE,
LID-00128,CID-EBC8FE35,Coker Enterprises - Trailer,2025-12-02,"Talked to Sam the owner and asked him if they currently use anyone for their scrap metal. He said they do not, but he currently takes it to Tyler Iron manually. I didn't get an exact amount on how much scrap they generate, but from speaking with an employee, she made it seem like a lot. I told him that we could get him a roll off container and waive the roll-off fee and match and/or pay more than whatever Tyler Iron is paying. He seemed very interested, but told me he would think about it and let me know. I think this would be a decent account so I am going to follow up in a couple days",Interested,Nurture,Hot,12/16/2025,13,1,Interested,Send pricing info,Kyle,Yes,In Person,FALSE,
LID-00129,CID-E297BA7E,Customer at Coker,2025-12-02,"After speaking with the owner, a customer had let me know that he currently has 17 riding lawn mowers that he is wanting scraped and has a personal dump trailer. I told him that I will buy it and pay him top dollar for it, but he kind of seemed reluctant since he lives out in Hawkins. I gave him my card and let him know that if he changed his mind to let me know.",Interested,Nurture,Hot,12/16/2025,13,1,Interested,Send pricing info,Kyle,Yes,In Person,FALSE,
LID-00130,CID-72303900,Joe Hudson's Collision Center,2025-12-09,"Spoke to the receptionist who worked with me at Enterprise. She went back and talked to her manager, who said that they currently have someone (I asked but was not able to find out who) But was told that all decisions that are made need to have corporate approval. She wrote down all of the information about our roll off service to give to her boss. ",Corporate/Manager Approval,Nurture,Warm,1/8/2026,6,24,Other,General Follow up,Kyle,Yes,In Person,FALSE,
LID-1765376975041,CID-50923FA4,overhead door company,2025-12-09,"Spoke to the owner over the phone at their office and he said that they currently take the scrap themselves with a 20 ft roll off. I told him that I could place a roll off container at their property for little to no money, but he would not deviate from how they already have a system in place that works for them. I told him that even if he does not use our roll off service that I could work with him on getting a better price for the metal that he does take. He said that he would let me know the next time they take it are needing to go to the scrap yard, but I would not put my money on it. He seemed a little annoyed that I kept asking questions and having a rebuttal for every response he had.",Not Interested,Lost,Cold,12/21/2025,6,6,Interested,Follow up in 180 days,marketing@kl-recycling.com,Yes,In Person,FALSE,
LID-1765319197837,CID-6DCA3B4A,east texas collision repair,2025-12-09,"Spoke to the receptionist for the 2nd time and she informed me that she did give my card to the owner, but I have not received a call from him. I asked when a good time to stop by would be since he is the one who makes decisions and she took down my information and said that she would send him a text. She does not know how they handle their scrap, so until I am able to speak with him directly, I would consider this a low priority. ",Corporate/Manager Approval,Nurture,Warm,12/22/2025,6,7,Other,General Follow up,marketing@kl-recycling.com,Yes,In Person,FALSE,
LID-1765321096489,CID-MIZ6LMGJ,baker construction,2025-12-09,"They main deal with road construction and so they do not generate much scrap, if any. I left my card with the receptionist and told her that if they ever do get scrap to let me know because I can offer them very competitive pricing.",No Scrap,Lost,Cold,6/6/2026,6,173,Other,Follow up in 180 days,marketing@kl-recycling.com,No,In Person,FALSE,
LID-1765385534563,CID-938FA471,dgi precision metal,2025-12-09,"Called the owner yesterday after I was waiting for him to get back from UPS. I plan on going back tomorrow to try and get the account. He generates roughly 2-3k of aluminum every 2-3 months. It is not a huge account so the priority is slightly lower than others, but he was very interested whenever I first visited.",Left Message,Nurture,Warm,12/11/2025,6,-4,Other,General Follow up,marketing@kl-recycling.com,Yes,In Person,FALSE,
LID-1765390950525,CID-25AA8A43,ameco,2025-12-10,"I was instructed that I needed to speak to Tommy Morrison because he seems to be the only one who knows about their roll off container. He is currently sick and most likely will not be at the office the rest of the week, so I will schedule a follow up for next week. ",Bad Timing,Prospect,Cold,1/8/2026,5,24,Other,General Follow up,marketing@kl-recycling.com,Yes,In Person,FALSE,
LID-1765398020893,CID-MJ0GEE46,Tyler R.V. Center,2025-12-10,"Spoke to Mr. Shaw for quite a while because he knows Mark and Andy and Dylan fairly well. He told me that he forgets about Madfos because he doesn't see very much action every time he passes by it. He is currently doing a large clean up because he is selling his business and has a fair amount of aluminum, short iron, motors, copper #1 & #2, ICW, Al/Cu radiators and compressors that he is trying to sell. I told him that I would pay him top dollar for it, so I need to get with Corey on what prices I can offer him. Right now Tyler Iron is paying $8.50/100lb and will check with Dylan on NF prices",Send Info,Prospect,Warm,12/16/2025,5,1,Other,General Follow up,marketing@kl-recycling.com,No,In Person,FALSE,
LID-1765400349852,CID-MJ0HSB55,pump works,2025-12-10,"Spoke to the receptionist and she said that they currently use a competitor, but was not sure who it was. She said that the VP is involved with it and that he was not there for the day. I asked her when he would be in and she did not give me a clear answer. I need to find out and see if  I can get a meeting with him or speak to him on the phone and figure out who they are using, how much they are getting paid, the amount of scrap they produce, and any pain points they have. If it is a good enough account, I can talk to Corey about placing incentives to get them to switch over to us.",Has Vendor,Nurture,Warm,1/8/2026,5,24,Has Vendor,Follow up in 90 days,marketing@kl-recycling.com,No,In Person,FALSE,
LID-1765403287742,CID-MJ0JJA9T,Bestway Oilfield ,2025-12-10,"According to the manager, they currently use Tyler Iron, but because of its size, they do not want a bin at their location. He stated that he calls Tyler Iron whenever scrap accumulates, and Tyler Iron typically accepts 2-3 loads without charging a dumping fee. He doesn't know how much they pay for their metal, but it's primarily stainless steel, stainless steel shavings, and pipe fittings. He said his one pain point was that Tyler Iron did not buy his stainless steel shavings, so he feels like a lot is being wasted there because they have to just throw it in the dumpster. I told him I could pay more than what Tyler Iron does, provide better service for whenever he needs his scrap picked up, and will separate all of his metal and buy the stainless steel shavings. He seemed interested and took my card, so I need to follow up with him since we wouldn't actually be deploying a roll-off; it would more so be a bulk pickup service, and it is about 2 miles from Madfos.",Interested,Nurture,Hot,12/23/2025,5,8,Interested,Send pricing info,marketing@kl-recycling.com,No,In Person,FALSE,
LID-1765403472083,CID-MJ0JN8EE,st fastener,2025-12-10,Gatekeeper blocked,Bad Timing,Prospect,Cold,1/8/2026,5,24,Other,General Follow up,marketing@kl-recycling.com,No,In Person,FALSE,
LID-1765404878797,CID-1E12DEDC,pedros paint and body,2025-12-10,"Spoke to Pedro, and he would like a 20-yard container at the earliest next Wednesday. It is an autobody shop so he will need his metal separated. ",Won,Won,Active,12/14/2025,5,-1,Interested,Deploy container,marketing@kl-recycling.com,Yes,In Person,FALSE,
LID-1765406292750,CID-MJ0LBOLJ,Tyler R.V.,2025-12-10,Called Mr. Shaw back regarding the prices that we can pay for his metal and his receptionist told me to email her the prices so she can give it to him. I sent him an email with the prices and told her to tell him to give me a call or text as soon as he looks it over.,Send Info,Prospect,Warm,12/16/2025,5,1,Other,General Follow up,marketing@kl-recycling.com,No,In Person,FALSE,
LID-1765488936061,CID-15F9D96A,tyler industrial supply,2025-12-11,"Spoke with the manager and looked around at what type of area he would want the roll-off container to be placed in. He currently has several large boxes of short iron, several 20ft stainless steel pipes that are about a 8 inches wide, 20-30 ft slong iron pipes, and aluminum pipes. He told me to come back about mid-January because he is not exactly sure what he wants to do with his inventory. I put a calendar event for January 14th so we can get this account rolling. He seems very interested as i addressed any and all questions he had regarding the separation of metal, length of pipes, and container size and location so it is not in the way.",Interested,Nurture,Hot,12/24/2025,4,9,Interested,Send pricing info,marketing@kl-recycling.com,Yes,In Person,FALSE,
LID-1765552891168,CID-MJ30LSRI,Hydro Chem,2025-12-11,They did not feel as if they accumulated enough scrap metal to warrant a roll off container. I let them know that I will buy any volume of metal so if they do come across some to give me a call and take it over to Madfos so I can get them the best price.,No Scrap,Lost,Cold,1/9/2026,4,25,Other,Follow up in 180 days,marketing@kl-recycling.com,No,In Person,FALSE,
LID-1765558709065,CID-0447E72C,Roto-Rooters,2025-12-12,"Spoke to the owner mike and he said that he really didn't generate enough scrap to have a roll off container. specifically said ""I am not interested in a roll-off container"" but he did seem interested for whenever he has to haul off his scrap about giving me a call and taking it to Madfos",Not Interested,Lost,Active,2026-04-01,3,107,Interested,Follow up in 180 days,marketing@kl-recycling.com,Yes,In Person,FALSE,
LID-1765562594282,CID-B9D0D472,Caliber Collision,2025-12-12,"Spoke to the general manager Samantha Garland and they currently have their own roll-off container with corporate. I let her know that even if we cannot put a roll-off container at their business, I will buy the metal at top dollar for them to dump it at Madfos. She gave me her card and told me to email her the prices I can pay for tin and aluminum. She thinks she is currently being paid $0.30-$0.40 /lb but is not entirely sure. The max Madfos is paying is $0.58/lb so I am going to offer them the max because they do a lot of busniess and I think it would be a steady account in terms of volume",Interested,Nurture,Hot,2025-12-26,3,11,Interested,Send pricing info,marketing@kl-recycling.com,Yes,In Person,FALSE,
LID-1765568219351,CID-43F6CB3F,McCoy's Plumbing Inc,2025-12-12,The receptionist told me that I had just missed Mr. McCoy and that a good time to come back would be early in the morning. I put him on my schedule to visit him on Monday first thing in the morning,Send Info,Nurture,Warm,12/14/2025 8:00:00,3,-1,Other,General Follow up,marketing@kl-recycling.com,Yes,In Person,FALSE,
LID-72378,CID-2E1D0CFE,Express Engines,12/12/2025 15:53:29,"Spoke to the manager there for a while and viewed their property. They currently haul their scrap with a trailer to Tyler Iron. He currently cannot make any decisions until the owner Randy reviews it, but this is a very wam lead because they seemed very interested.",Corp/Mgr Approval,Nurture,Warm,2025-12-15,3,0,Other,General Follow up,marketing@kl-recycling.com,No,In Person,FALSE,
LID-75324,CID-B9D0D472,Caliber Collision,12/12/2025 15:56:20,spoke to a guy at the front desk and let me know that corporate is the one who deals with their handling of scrap. I let him know that I talked to the other location and that I could offer top dollar for him to dump the scrap at Madfos. He took down my information and card and said he would give it to his manager and they would reach out.,Corp/Mgr Approval,Nurture,Warm,2025-12-18,3,3,Other,General Follow up,marketing@kl-recycling.com,Yes,In Person,FALSE,
LID-84832,CID-AA9953B8,Aegis Therapy,12/12/2025 16:04:16,"Spoke to someone who is wanting to get rid of a lot of wheelchairs for a retirement home as they are needing to replace the old ones. I told him that I would buy them, but he might not get as much money as he wants for them. I gave him my card, and he is going to reach out as soon as he makes a decision.",Corp/Mgr Approval,Nurture,Warm,2025-01-01,3,,Other,General Follow up,marketing@kl-recycling.com,No,In Person,FALSE,
LID-91241,CID-AA9953B8,McDonalds,12/12/2025 16:07:35,My brother in law has a warehouse that is full of old stainless steel kitchenware from McDonald's and is wanting to do a major cleanup and will be needing a roll-off soon. He doesnt know the exact date yet,Corp/Mgr Approval,Nurture,Warm,2025-01-01,3,,Other,General Follow up,marketing@kl-recycling.com,No,In Person,FALSE,
,,,,,,,,,,,,,marketing@kl-recycling.com,,In Person,FALSE,